BootID,location,scale
0,10.23,0.316
1,10.026,0.276
2,10.155,0.286
3,10.559,0.358
4,10.218,0.236
5,10.229,0.327
6,10.203,0.267
7,10.305,0.389
8,10.539,0.436
9,10.18,0.199
10,10.068,0.303
11,10.175,0.281
12,10.302,0.367
13,10.25,0.305
14,10.258,0.332
15,10.39,0.315
16,10.137,0.219
17,10.206,0.333
18,10.229,0.326
19,10.412,0.371
20,10.226,0.192
21,10.109,0.262
22,10.207,0.323
23,10.184,0.332
24,10.372,0.34
25,10.109,0.279
26,10.421,0.422
27,10.166,0.315
28,10.226,0.247
29,10.164,0.254
30,10.387,0.458
31,10.291,0.279
32,10.237,0.271
33,10.098,0.354
34,10.163,0.387
35,10.08,0.306
36,10.221,0.216
37,10.118,0.261
38,10.156,0.263
39,10.303,0.277
40,10.295,0.287
41,10.309,0.274
42,10.206,0.236
43,10.189,0.3
44,10.219,0.395
45,10.164,0.327
46,10.059,0.283
47,10.088,0.355
48,10.18,0.241
49,10.563,0.488
50,10.262,0.26
51,10.135,0.268
52,10.103,0.303
53,10.123,0.31
54,10.099,0.365
55,10.193,0.274
56,10.221,0.296
57,10.223,0.286
58,10.507,0.381
59,10.232,0.376
60,10.242,0.214
61,10.422,0.425
62,10.173,0.295
63,10.197,0.301
64,10.069,0.288
65,10.261,0.427
66,10.126,0.373
67,10.259,0.367
68,10.153,0.315
69,10.29,0.446
70,10.299,0.275
71,10.391,0.304
72,10.353,0.317
73,10.165,0.341
74,10.574,0.404
75,10.124,0.237
76,10.353,0.441
77,10.07,0.269
78,10.231,0.227
79,10.605,0.341
80,10.211,0.346
81,10.264,0.26
82,10.24,0.266
83,10.053,0.429
84,10.323,0.422
85,10.257,0.394
86,10.286,0.372
87,10.094,0.239
88,10.294,0.296
89,10.46,0.41
90,10.235,0.246
91,10.112,0.378
92,10.303,0.43
93,10.254,0.385
94,10.117,0.24
95,10.199,0.33
96,10.188,0.275
97,10.255,0.385
98,10.273,0.291
99,10.117,0.382
100,10.258,0.25
101,10.2,0.248
102,10.228,0.347
103,10.347,0.341
104,10.216,0.242
105,10.295,0.284
106,10.363,0.392
107,10.189,0.272
108,10.224,0.267
109,10.343,0.382
110,10.154,0.226
111,10.242,0.168
112,10.484,0.406
113,10.113,0.316
114,10.034,0.356
115,10.344,0.396
116,10.308,0.292
117,10.135,0.29
118,10.411,0.281
119,10.34,0.333
120,10.522,0.472
121,10.337,0.312
122,10.162,0.25
123,10.176,0.331
124,10.171,0.236
125,10.225,0.266
126,10.016,0.393
127,10.245,0.269
128,10.117,0.265
129,10.193,0.311
130,10.111,0.32
131,10.076,0.25
132,10.25,0.354
133,10.084,0.361
134,10.103,0.274
135,10.554,0.447
136,10.362,0.43
137,10.211,0.26
138,10.274,0.314
139,10.19,0.219
140,10.192,0.316
141,10.196,0.312
142,10.219,0.292
143,10.546,0.537
144,10.302,0.266
145,10.414,0.336
146,10.158,0.253
147,10.337,0.261
148,10.256,0.212
149,10.309,0.321
150,10.058,0.308
151,10.389,0.263
152,10.277,0.24
153,10.207,0.237
154,10.372,0.428
155,10.313,0.42
156,10.344,0.388
157,10.219,0.378
158,10.191,0.202
159,10.301,0.304
160,10.117,0.241
161,10.404,0.425
162,10.149,0.31
163,10.116,0.282
164,10.12,0.261
165,10.402,0.5
166,10.187,0.3
167,10.181,0.259
168,10.412,0.419
169,10.351,0.407
170,10.156,0.377
171,10.243,0.418
172,10.253,0.238
173,10.166,0.374
174,10.217,0.244
175,10.386,0.334
176,10.141,0.267
177,10.45,0.509
178,10.257,0.403
179,10.435,0.348
180,10.32,0.297
181,10.287,0.262
182,10.296,0.343
183,10.151,0.216
184,10.725,0.476
185,10.183,0.223
186,10.203,0.284
187,10.519,0.432
188,10.333,0.322
189,10.192,0.213
190,10.359,0.223
191,10.3,0.254
192,10.22,0.351
193,10.095,0.337
194,10.184,0.297
195,10.247,0.285
196,10.17,0.349
197,10.171,0.427
198,10.187,0.294
199,10.2,0.287
200,10.174,0.227
201,10.24,0.234
202,10.259,0.335
203,10.221,0.234
204,10.456,0.41
205,10.289,0.281
206,10.25,0.317
207,10.26,0.277
208,10.322,0.405
209,10.222,0.345
210,10.222,0.218
211,10.052,0.285
212,10.197,0.232
213,10.261,0.269
214,10.259,0.337
215,10.134,0.285
216,10.186,0.269
217,10.27,0.275
218,10.249,0.224
219,10.318,0.311
220,10.272,0.272
221,10.303,0.308
222,10.357,0.498
223,10.197,0.271
224,10.352,0.264
225,10.268,0.263
226,10.101,0.307
227,10.229,0.35
228,10.422,0.317
229,10.175,0.325
230,10.334,0.352
231,10.179,0.247
232,10.23,0.361
233,10.178,0.206
234,10.365,0.395
235,10.216,0.278
236,10.256,0.264
237,10.134,0.204
238,10.266,0.377
239,10.363,0.284
240,10.385,0.372
241,10.241,0.364
242,10.341,0.354
243,10.116,0.172
244,10.217,0.284
245,10.223,0.34
246,10.193,0.346
247,10.154,0.254
248,10.132,0.253
249,10.267,0.407
250,10.158,0.328
251,10.106,0.285
252,10.351,0.472
253,10.362,0.389
254,10.099,0.241
255,10.101,0.251
256,10.2,0.323
257,10.061,0.288
258,10.164,0.342
259,10.196,0.304
260,10.152,0.322
261,10.211,0.213
262,10.325,0.31
263,10.282,0.278
264,10.351,0.326
265,10.107,0.28
266,10.139,0.365
267,10.306,0.269
268,10.17,0.258
269,10.221,0.38
270,10.077,0.282
271,10.138,0.329
272,10.215,0.231
273,10.215,0.274
274,10.26,0.31
275,10.191,0.296
276,10.314,0.378
277,10.146,0.224
278,10.21,0.313
279,10.305,0.292
280,10.115,0.281
281,10.228,0.348
282,10.158,0.226
283,10.073,0.252
284,10.315,0.281
285,10.275,0.416
286,10.231,0.458
287,10.347,0.276
288,10.09,0.29
289,10.231,0.306
290,10.123,0.21
291,10.23,0.247
292,10.241,0.273
293,10.254,0.32
294,10.232,0.31
295,10.276,0.345
296,10.183,0.228
297,10.097,0.214
298,10.091,0.186
299,10.105,0.199
300,10.128,0.403
301,10.254,0.452
302,10.222,0.316
303,10.106,0.301
304,10.317,0.367
305,10.412,0.484
306,10.149,0.335
307,10.257,0.29
308,10.281,0.255
309,10.285,0.367
310,10.317,0.341
311,10.224,0.3
312,10.142,0.251
313,10.17,0.316
314,10.342,0.354
315,10.263,0.289
316,10.246,0.331
317,10.23,0.271
318,10.071,0.257
319,10.357,0.44
320,10.264,0.268
321,10.411,0.279
322,10.007,0.322
323,10.181,0.347
324,10.181,0.289
325,10.33,0.404
326,10.067,0.282
327,10.445,0.38
328,10.214,0.251
329,10.132,0.199
330,10.125,0.265
331,10.316,0.303
332,10.193,0.222
333,10.301,0.342
334,10.245,0.302
335,10.067,0.349
336,10.264,0.383
337,10.186,0.26
338,10.706,0.443
339,10.58,0.45
340,10.217,0.252
341,10.3,0.242
342,10.407,0.412
343,10.224,0.329
344,10.228,0.336
345,10.114,0.307
346,10.241,0.337
347,10.356,0.317
348,10.23,0.336
349,10.309,0.358
350,10.141,0.441
351,10.104,0.228
352,10.295,0.382
353,10.184,0.249
354,10.182,0.338
355,10.341,0.449
356,10.175,0.33
357,10.164,0.273
358,10.166,0.34
359,10.29,0.309
360,10.387,0.362
361,10.197,0.286
362,10.577,0.503
363,10.287,0.346
364,10.212,0.279
365,10.197,0.286
366,10.3,0.321
367,10.168,0.223
368,10.582,0.506
369,10.029,0.268
370,10.088,0.328
371,10.241,0.269
372,10.229,0.291
373,10.277,0.368
374,10.242,0.215
375,10.173,0.321
376,10.428,0.314
377,10.332,0.253
378,10.143,0.254
379,10.383,0.385
380,10.084,0.258
381,10.482,0.285
382,10.424,0.383
383,10.351,0.242
384,10.139,0.305
385,10.179,0.181
386,10.409,0.513
387,10.363,0.309
388,10.32,0.444
389,10.059,0.299
390,10.407,0.248
391,10.202,0.232
392,10.109,0.37
393,10.164,0.305
394,10.188,0.29
395,10.11,0.29
396,10.245,0.382
397,10.151,0.383
398,10.145,0.223
399,10.11,0.288
400,10.207,0.316
401,10.193,0.215
402,10.483,0.438
403,10.115,0.333
404,10.367,0.36
405,10.457,0.531
406,10.229,0.351
407,10.278,0.367
408,10.182,0.247
409,10.032,0.248
410,10.389,0.389
411,10.106,0.27
412,10.067,0.272
413,10.294,0.298
414,10.149,0.265
415,10.197,0.258
416,10.239,0.241
417,10.273,0.315
418,10.24,0.344
419,10.195,0.337
420,10.147,0.258
421,10.139,0.235
422,10.269,0.368
423,10.185,0.39
424,10.16,0.306
425,10.073,0.335
426,10.338,0.318
427,10.523,0.497
428,10.2,0.482
429,10.401,0.317
430,10.182,0.402
431,10.237,0.332
432,10.246,0.38
433,10.22,0.432
434,10.18,0.427
435,10.335,0.399
436,10.152,0.263
437,10.115,0.281
438,10.176,0.222
439,10.12,0.263
440,10.221,0.331
441,10.274,0.226
442,10.142,0.297
443,10.189,0.213
444,10.295,0.339
445,10.31,0.339
446,10.344,0.318
447,10.117,0.318
448,10.174,0.321
449,10.212,0.278
450,10.189,0.276
451,10.396,0.436
452,10.358,0.408
453,10.382,0.402
454,10.144,0.232
455,10.209,0.293
456,10.145,0.21
457,10.291,0.424
458,10.238,0.357
459,10.205,0.414
460,10.189,0.207
461,10.187,0.288
462,10.216,0.333
463,10.206,0.393
464,10.23,0.348
465,10.214,0.349
466,10.104,0.202
467,10.262,0.396
468,10.3,0.36
469,10.224,0.348
470,10.28,0.363
471,10.323,0.408
472,10.176,0.266
473,10.305,0.228
474,10.217,0.239
475,10.145,0.305
476,10.235,0.369
477,10.159,0.254
478,10.188,0.296
479,10.165,0.295
480,10.352,0.33
481,10.233,0.508
482,10.173,0.24
483,10.263,0.329
484,10.104,0.31
485,10.18,0.315
486,10.369,0.336
487,10.092,0.29
488,10.073,0.335
489,10.254,0.314
490,10.308,0.367
491,10.172,0.329
492,10.229,0.323
493,10.139,0.239
494,10.192,0.308
495,10.272,0.314
496,10.238,0.266
497,10.36,0.266
498,10.357,0.234
499,10.227,0.246
500,10.114,0.281
501,10.213,0.176
502,10.262,0.293
503,10.223,0.222
504,10.357,0.406
505,10.253,0.306
506,10.239,0.295
507,10.146,0.243
508,10.316,0.328
509,10.165,0.322
510,10.308,0.369
511,10.229,0.311
512,10.113,0.319
513,10.205,0.389
514,10.129,0.278
515,10.26,0.237
516,10.208,0.286
517,10.19,0.261
518,10.157,0.251
519,10.242,0.29
520,10.27,0.292
521,10.179,0.292
522,10.072,0.244
523,10.246,0.328
524,10.218,0.348
525,10.213,0.246
526,10.112,0.314
527,10.41,0.42
528,10.149,0.222
529,10.052,0.237
530,10.171,0.325
531,10.238,0.305
532,10.179,0.311
533,10.264,0.487
534,10.119,0.156
535,10.245,0.26
536,10.13,0.239
537,10.262,0.265
538,10.259,0.237
539,10.139,0.351
540,10.195,0.288
541,10.066,0.339
542,10.235,0.342
543,10.185,0.326
544,10.317,0.286
545,10.262,0.277
546,10.235,0.295
547,10.122,0.241
548,10.197,0.251
549,10.213,0.283
550,10.061,0.308
551,10.147,0.205
552,10.339,0.334
553,10.265,0.281
554,10.454,0.411
555,10.205,0.215
556,10.191,0.343
557,10.236,0.438
558,10.111,0.272
559,10.136,0.384
560,10.369,0.418
561,10.287,0.2
562,10.112,0.233
563,10.258,0.3
564,10.25,0.214
565,10.218,0.307
566,10.156,0.352
567,10.135,0.321
568,10.376,0.436
569,10.271,0.384
570,10.363,0.3
571,10.127,0.375
572,10.156,0.296
573,10.134,0.232
574,10.162,0.284
575,10.233,0.393
576,10.152,0.279
577,10.038,0.268
578,10.135,0.315
579,10.263,0.289
580,10.109,0.241
581,10.121,0.276
582,10.172,0.295
583,10.37,0.377
584,10.223,0.274
585,10.041,0.371
586,10.104,0.266
587,10.011,0.312
588,10.211,0.321
589,10.124,0.341
590,10.309,0.388
591,10.235,0.411
592,10.162,0.312
593,10.206,0.329
594,10.229,0.28
595,10.192,0.351
596,10.145,0.353
597,10.085,0.279
598,10.118,0.336
599,10.45,0.39
600,10.154,0.264
601,10.299,0.389
602,10.081,0.355
603,10.055,0.413
604,10.474,0.371
605,10.215,0.224
606,10.313,0.424
607,10.363,0.283
608,10.303,0.328
609,10.215,0.181
610,10.236,0.329
611,10.202,0.266
612,10.205,0.24
613,10.322,0.462
614,10.193,0.397
615,10.055,0.304
616,10.21,0.297
617,10.5,0.409
618,10.171,0.436
619,10.213,0.378
620,10.382,0.332
621,10.142,0.237
622,10.209,0.258
623,10.457,0.323
624,10.228,0.234
625,10.191,0.226
626,10.206,0.296
627,10.189,0.281
628,10.403,0.337
629,10.395,0.295
630,10.283,0.411
631,10.272,0.326
632,10.248,0.272
633,10.295,0.21
634,10.318,0.232
635,10.328,0.399
636,10.558,0.505
637,10.142,0.272
638,10.114,0.335
639,10.312,0.328
640,10.163,0.176
641,10.216,0.287
642,10.307,0.339
643,10.218,0.217
644,10.178,0.259
645,10.174,0.279
646,10.292,0.288
647,10.216,0.295
648,10.277,0.404
649,10.243,0.286
650,10.147,0.336
651,10.092,0.389
652,10.128,0.291
653,10.109,0.281
654,10.391,0.351
655,10.141,0.366
656,10.006,0.313
657,10.149,0.2
658,10.223,0.319
659,10.025,0.21
660,10.246,0.481
661,10.329,0.369
662,10.13,0.35
663,10.226,0.421
664,10.184,0.276
665,10.196,0.23
666,10.068,0.277
667,10.192,0.359
668,10.296,0.403
669,10.299,0.374
670,10.188,0.178
671,10.052,0.242
672,10.273,0.259
673,10.398,0.318
674,10.243,0.255
675,10.242,0.215
676,10.148,0.242
677,10.347,0.339
678,10.285,0.422
679,10.225,0.351
680,10.412,0.366
681,10.27,0.238
682,10.198,0.277
683,10.238,0.347
684,10.434,0.333
685,10.23,0.282
686,10.508,0.32
687,10.12,0.346
688,10.216,0.392
689,10.243,0.289
690,10.152,0.263
691,10.231,0.32
692,10.171,0.181
693,10.243,0.329
694,10.124,0.355
695,10.31,0.322
696,10.031,0.274
697,10.156,0.28
698,10.182,0.288
699,10.159,0.314
700,10.31,0.239
701,10.178,0.364
702,10.195,0.215
703,10.124,0.215
704,10.04,0.299
705,10.223,0.236
706,10.252,0.302
707,10.147,0.215
708,10.147,0.326
709,10.397,0.481
710,10.382,0.407
711,10.2,0.339
712,10.771,0.398
713,10.33,0.341
714,10.105,0.16
715,10.124,0.371
716,10.241,0.266
717,10.263,0.279
718,10.212,0.292
719,10.104,0.333
720,10.155,0.345
721,10.323,0.326
722,10.119,0.311
723,10.36,0.4
724,10.18,0.385
725,10.252,0.327
726,10.109,0.338
727,10.481,0.327
728,10.214,0.339
729,10.215,0.397
730,10.07,0.228
731,10.496,0.441
732,10.341,0.438
733,10.205,0.249
734,10.341,0.358
735,10.208,0.307
736,10.282,0.36
737,10.161,0.344
738,10.432,0.37
739,10.12,0.312
740,10.395,0.398
741,10.263,0.309
742,10.212,0.28
743,10.208,0.296
744,10.451,0.567
745,10.411,0.304
746,10.299,0.198
747,10.091,0.474
748,10.126,0.297
749,10.187,0.296
750,10.108,0.241
751,10.205,0.188
752,10.269,0.377
753,10.231,0.248
754,10.107,0.212
755,10.225,0.262
756,10.068,0.318
757,10.115,0.234
758,10.223,0.27
759,10.336,0.357
760,10.307,0.408
761,10.141,0.255
762,10.157,0.314
763,10.465,0.416
764,10.262,0.313
765,10.174,0.2
766,10.143,0.402
767,10.202,0.21
768,10.254,0.217
769,10.321,0.412
770,10.306,0.25
771,10.471,0.545
772,10.279,0.385
773,10.217,0.394
774,10.154,0.305
775,10.223,0.236
776,10.338,0.298
777,10.066,0.33
778,10.095,0.319
779,10.19,0.274
780,10.437,0.544
781,10.245,0.395
782,10.271,0.401
783,10.337,0.44
784,10.333,0.398
785,10.275,0.345
786,10.309,0.427
787,10.182,0.241
788,10.48,0.309
789,10.137,0.284
790,10.368,0.317
791,10.174,0.224
792,10.196,0.17
793,10.099,0.337
794,10.207,0.299
795,10.213,0.246
796,10.059,0.311
797,10.269,0.409
798,10.159,0.227
799,10.251,0.308
800,10.336,0.307
801,10.171,0.307
802,10.191,0.23
803,10.296,0.271
804,10.102,0.403
805,10.111,0.254
806,10.381,0.3
807,10.407,0.458
808,10.313,0.29
809,10.299,0.31
810,10.202,0.242
811,10.136,0.188
812,10.281,0.451
813,10.283,0.253
814,10.126,0.378
815,10.172,0.254
816,10.133,0.324
817,10.354,0.247
818,10.228,0.337
819,10.194,0.347
820,10.16,0.196
821,10.099,0.248
822,10.242,0.321
823,10.771,0.435
824,10.378,0.43
825,10.174,0.307
826,10.555,0.44
827,10.193,0.292
828,10.486,0.486
829,10.276,0.452
830,10.133,0.323
831,10.241,0.342
832,10.134,0.234
833,10.245,0.314
834,10.284,0.351
835,10.16,0.239
836,10.184,0.348
837,10.185,0.207
838,10.196,0.326
839,10.282,0.332
840,10.304,0.315
841,10.261,0.311
842,10.102,0.314
843,10.29,0.309
844,10.187,0.279
845,10.069,0.292
846,10.225,0.393
847,10.202,0.394
848,10.124,0.288
849,10.086,0.319
850,10.253,0.271
851,10.262,0.325
852,10.104,0.234
853,10.304,0.206
854,10.224,0.374
855,10.252,0.282
856,10.254,0.238
857,10.347,0.273
858,10.22,0.427
859,10.54,0.497
860,10.26,0.383
861,10.137,0.291
862,10.231,0.342
863,10.229,0.274
864,10.184,0.193
865,10.154,0.311
866,10.218,0.364
867,10.226,0.264
868,10.487,0.475
869,10.207,0.281
870,10.282,0.281
871,10.098,0.354
872,10.176,0.249
873,10.269,0.45
874,10.305,0.289
875,10.208,0.362
876,10.15,0.255
877,10.108,0.301
878,10.179,0.395
879,10.242,0.291
880,10.144,0.289
881,10.432,0.372
882,10.361,0.357
883,10.239,0.223
884,10.186,0.282
885,10.33,0.377
886,10.346,0.52
887,10.242,0.292
888,10.166,0.321
889,10.31,0.373
890,10.249,0.25
891,10.257,0.206
892,10.27,0.295
893,10.165,0.26
894,10.331,0.452
895,10.289,0.328
896,10.175,0.231
897,10.351,0.321
898,10.376,0.238
899,10.285,0.359
900,10.371,0.456
901,10.296,0.331
902,10.239,0.339
903,10.215,0.348
904,10.369,0.362
905,10.277,0.298
906,10.06,0.371
907,10.204,0.244
908,10.29,0.372
909,10.205,0.418
910,10.236,0.323
911,10.146,0.263
912,10.24,0.255
913,10.215,0.365
914,10.219,0.248
915,10.257,0.356
916,10.069,0.29
917,10.137,0.272
918,10.179,0.282
919,10.26,0.354
920,10.271,0.37
921,10.193,0.243
922,10.193,0.275
923,10.256,0.273
924,10.21,0.318
925,10.032,0.315
926,10.313,0.361
927,10.388,0.301
928,10.158,0.269
929,10.255,0.328
930,10.209,0.234
931,10.128,0.322
932,10.251,0.387
933,10.326,0.362
934,10.447,0.33
935,10.24,0.425
936,10.202,0.271
937,10.303,0.317
938,10.13,0.203
939,10.336,0.383
940,10.22,0.233
941,10.295,0.305
942,10.337,0.344
943,10.132,0.248
944,10.28,0.312
945,10.268,0.371
946,10.133,0.317
947,10.317,0.297
948,10.557,0.351
949,10.214,0.338
950,10.272,0.383
951,10.187,0.21
952,10.123,0.293
953,10.299,0.363
954,10.193,0.246
955,10.293,0.421
956,10.29,0.3
957,10.329,0.349
958,9.997,0.268
959,10.259,0.241
960,10.149,0.214
961,10.533,0.482
962,10.358,0.349
963,10.272,0.282
964,10.285,0.397
965,10.159,0.277
966,10.043,0.254
967,10.219,0.291
968,10.071,0.275
969,10.093,0.373
970,10.277,0.38
971,10.192,0.278
972,10.341,0.306
973,10.189,0.25
974,10.233,0.193
975,10.259,0.396
976,10.386,0.297
977,10.388,0.227
978,10.203,0.241
979,10.104,0.34
980,10.066,0.289
981,10.144,0.347
982,10.17,0.267
983,10.154,0.178
984,10.323,0.351
985,10.345,0.322
986,10.226,0.22
987,10.332,0.544
988,10.158,0.19
989,10.168,0.316
990,10.224,0.282
991,10.104,0.265
992,10.185,0.3
993,10.191,0.308
994,10.169,0.233
995,10.092,0.333
996,10.166,0.212
997,10.212,0.299
998,10.159,0.35
999,10.238,0.268
1000,10.133,0.333
1001,10.3,0.203
1002,10.342,0.439
1003,10.105,0.224
1004,10.199,0.275
1005,10.118,0.288
1006,10.294,0.346
1007,10.23,0.321
1008,10.155,0.231
1009,10.216,0.386
1010,10.411,0.356
1011,10.188,0.306
1012,10.15,0.3
1013,10.151,0.22
1014,10.296,0.284
1015,10.139,0.308
1016,10.402,0.338
1017,10.278,0.34
1018,10.335,0.362
1019,10.228,0.31
1020,10.332,0.346
1021,10.209,0.291
1022,10.183,0.296
1023,10.196,0.224
1024,10.356,0.467
1025,10.115,0.254
1026,10.146,0.395
1027,10.151,0.401
1028,10.546,0.54
1029,10.248,0.224
1030,10.194,0.255
1031,10.239,0.325
1032,10.46,0.381
1033,10.168,0.303
1034,10.079,0.309
1035,10.243,0.423
1036,10.14,0.272
1037,10.21,0.265
1038,10.276,0.323
1039,10.257,0.295
1040,10.331,0.419
1041,10.277,0.338
1042,10.269,0.237
1043,10.346,0.309
1044,10.334,0.314
1045,10.356,0.267
1046,10.226,0.369
1047,10.422,0.29
1048,10.296,0.228
1049,10.41,0.329
1050,10.504,0.281
1051,10.206,0.234
1052,10.207,0.285
1053,10.21,0.467
1054,10.229,0.385
1055,10.368,0.345
1056,10.13,0.271
1057,10.15,0.244
1058,10.336,0.246
1059,10.224,0.277
1060,10.588,0.433
1061,10.131,0.221
1062,10.158,0.337
1063,10.343,0.317
1064,10.223,0.347
1065,10.341,0.458
1066,10.406,0.44
1067,10.258,0.344
1068,10.357,0.301
1069,10.2,0.277
1070,10.256,0.237
1071,10.345,0.326
1072,10.192,0.254
1073,10.134,0.471
1074,10.189,0.377
1075,10.091,0.213
1076,10.139,0.259
1077,10.22,0.245
1078,10.085,0.319
1079,10.145,0.384
1080,10.175,0.336
1081,10.257,0.419
1082,10.28,0.273
1083,10.256,0.304
1084,10.229,0.343
1085,9.98,0.326
1086,10.14,0.401
1087,10.095,0.35
1088,10.035,0.204
1089,10.051,0.331
1090,10.168,0.245
1091,10.133,0.308
1092,10.079,0.215
1093,10.137,0.216
1094,10.264,0.226
1095,10.255,0.261
1096,10.261,0.303
1097,10.153,0.242
1098,10.211,0.281
1099,10.236,0.255
1100,10.168,0.28
1101,10.289,0.387
1102,10.198,0.219
1103,10.145,0.283
1104,10.098,0.227
1105,10.24,0.392
1106,10.316,0.254
1107,10.229,0.378
1108,10.371,0.291
1109,10.173,0.332
1110,10.155,0.299
1111,10.032,0.261
1112,10.182,0.293
1113,10.25,0.313
1114,10.251,0.261
1115,10.31,0.289
1116,10.194,0.365
1117,10.499,0.351
1118,10.634,0.414
1119,10.053,0.227
1120,10.229,0.266
1121,10.18,0.253
1122,10.175,0.452
1123,10.39,0.295
1124,10.2,0.318
1125,10.005,0.363
1126,10.177,0.339
1127,10.157,0.381
1128,10.111,0.336
1129,10.07,0.384
1130,10.21,0.252
1131,10.212,0.53
1132,10.169,0.315
1133,10.171,0.265
1134,10.257,0.383
1135,10.329,0.438
1136,10.212,0.257
1137,10.482,0.378
1138,10.22,0.277
1139,10.265,0.259
1140,10.098,0.339
1141,10.233,0.226
1142,10.22,0.314
1143,10.304,0.338
1144,10.26,0.219
1145,10.214,0.28
1146,10.224,0.278
1147,10.212,0.307
1148,10.142,0.383
1149,10.231,0.269
1150,10.165,0.248
1151,10.196,0.361
1152,10.086,0.322
1153,10.265,0.32
1154,10.356,0.309
1155,10.256,0.26
1156,10.193,0.322
1157,10.266,0.226
1158,10.304,0.408
1159,10.048,0.257
1160,10.117,0.215
1161,10.191,0.236
1162,10.137,0.244
1163,10.05,0.378
1164,10.354,0.279
1165,10.106,0.298
1166,10.105,0.279
1167,10.237,0.289
1168,10.332,0.292
1169,10.376,0.364
1170,10.481,0.351
1171,10.278,0.384
1172,10.392,0.374
1173,10.363,0.415
1174,10.194,0.256
1175,10.195,0.232
1176,10.211,0.229
1177,10.165,0.305
1178,10.183,0.24
1179,10.411,0.434
1180,10.22,0.257
1181,10.247,0.306
1182,10.674,0.512
1183,10.259,0.287
1184,10.159,0.32
1185,10.244,0.297
1186,10.288,0.304
1187,10.047,0.276
1188,10.218,0.331
1189,10.183,0.296
1190,10.057,0.281
1191,10.075,0.338
1192,10.293,0.39
1193,10.449,0.444
1194,10.094,0.365
1195,10.104,0.309
1196,10.318,0.354
1197,10.32,0.334
1198,10.152,0.267
1199,10.221,0.301
1200,10.15,0.204
1201,10.361,0.264
1202,10.137,0.266
1203,10.052,0.422
1204,10.248,0.31
1205,10.304,0.28
1206,10.336,0.379
1207,10.218,0.279
1208,10.123,0.275
1209,10.181,0.143
1210,10.208,0.249
1211,10.119,0.358
1212,10.32,0.26
1213,10.318,0.299
1214,10.173,0.373
1215,10.414,0.38
1216,10.406,0.389
1217,10.238,0.261
1218,10.177,0.331
1219,10.17,0.361
1220,10.075,0.413
1221,10.159,0.333
1222,10.142,0.308
1223,10.274,0.239
1224,10.205,0.331
1225,10.235,0.218
1226,10.537,0.457
1227,10.107,0.261
1228,10.172,0.353
1229,10.38,0.415
1230,10.022,0.254
1231,10.228,0.301
1232,10.203,0.387
1233,10.301,0.366
1234,10.197,0.404
1235,10.185,0.312
1236,10.152,0.223
1237,10.073,0.306
1238,10.308,0.358
1239,10.18,0.275
1240,10.336,0.227
1241,10.183,0.271
1242,10.429,0.423
1243,10.3,0.375
1244,10.25,0.349
1245,10.377,0.352
1246,10.367,0.334
1247,10.094,0.371
1248,10.119,0.291
1249,10.354,0.278
1250,10.266,0.357
1251,10.308,0.411
1252,10.179,0.446
1253,10.22,0.264
1254,10.181,0.273
1255,10.485,0.51
1256,10.289,0.34
1257,10.075,0.203
1258,10.289,0.326
1259,10.157,0.225
1260,10.184,0.272
1261,10.352,0.257
1262,10.31,0.342
1263,10.371,0.427
1264,10.153,0.252
1265,10.259,0.265
1266,10.362,0.431
1267,10.17,0.364
1268,10.109,0.249
1269,10.186,0.344
1270,10.332,0.413
1271,10.269,0.313
1272,10.244,0.287
1273,10.191,0.211
1274,10.258,0.252
1275,10.18,0.314
1276,10.208,0.24
1277,10.275,0.268
1278,10.147,0.268
1279,10.175,0.282
1280,10.102,0.246
1281,10.24,0.33
1282,10.156,0.252
1283,10.295,0.42
1284,10.145,0.247
1285,10.242,0.422
1286,10.27,0.301
1287,10.213,0.382
1288,10.294,0.292
1289,10.183,0.289
1290,10.183,0.335
1291,10.19,0.347
1292,10.335,0.261
1293,10.186,0.384
1294,10.282,0.341
1295,10.518,0.422
1296,10.182,0.275
1297,10.227,0.335
1298,10.074,0.287
1299,10.16,0.229
1300,10.194,0.278
1301,10.351,0.254
1302,10.234,0.26
1303,10.228,0.379
1304,10.369,0.31
1305,10.187,0.215
1306,10.17,0.293
1307,10.238,0.292
1308,10.241,0.269
1309,10.179,0.303
1310,10.203,0.248
1311,10.304,0.26
1312,10.233,0.255
1313,10.281,0.379
1314,10.306,0.362
1315,10.372,0.403
1316,10.286,0.476
1317,10.214,0.332
1318,10.328,0.358
1319,10.317,0.386
1320,10.194,0.279
1321,10.531,0.448
1322,10.13,0.304
1323,10.187,0.288
1324,10.242,0.327
1325,10.717,0.534
1326,10.032,0.367
1327,10.232,0.377
1328,10.351,0.4
1329,10.379,0.454
1330,10.249,0.273
1331,10.346,0.399
1332,10.166,0.218
1333,10.275,0.292
1334,10.347,0.325
1335,10.3,0.414
1336,10.094,0.379
1337,10.306,0.336
1338,10.264,0.33
1339,10.21,0.257
1340,10.189,0.303
1341,10.418,0.43
1342,10.078,0.303
1343,10.195,0.333
1344,10.168,0.254
1345,10.327,0.362
1346,10.2,0.278
1347,10.192,0.28
1348,10.242,0.329
1349,10.321,0.348
1350,10.129,0.198
1351,10.202,0.241
1352,10.335,0.325
1353,10.159,0.377
1354,10.246,0.37
1355,10.081,0.293
1356,10.327,0.42
1357,10.244,0.232
1358,10.177,0.256
1359,10.149,0.263
1360,10.387,0.557
1361,10.11,0.287
1362,10.097,0.218
1363,10.137,0.353
1364,10.26,0.441
1365,10.222,0.249
1366,10.178,0.272
1367,10.231,0.306
1368,10.215,0.283
1369,10.232,0.366
1370,10.21,0.247
1371,10.458,0.343
1372,10.182,0.192
1373,10.126,0.313
1374,10.211,0.382
1375,10.057,0.205
1376,10.504,0.459
1377,10.308,0.284
1378,10.209,0.336
1379,10.325,0.311
1380,10.199,0.313
1381,10.175,0.256
1382,10.1,0.249
1383,10.137,0.187
1384,10.242,0.322
1385,10.059,0.29
1386,10.27,0.358
1387,10.256,0.446
1388,10.323,0.351
1389,10.276,0.258
1390,10.202,0.239
1391,10.223,0.286
1392,10.194,0.229
1393,10.044,0.205
1394,10.262,0.38
1395,10.241,0.207
1396,10.161,0.317
1397,10.295,0.371
1398,10.324,0.31
1399,10.137,0.282
1400,10.193,0.193
1401,10.186,0.273
1402,10.199,0.217
1403,10.186,0.238
1404,10.296,0.307
1405,10.276,0.284
1406,10.297,0.22
1407,10.129,0.32
1408,10.109,0.296
1409,10.141,0.301
1410,10.281,0.201
1411,10.161,0.269
1412,10.254,0.273
1413,10.256,0.274
1414,10.196,0.314
1415,10.239,0.322
1416,10.195,0.403
1417,10.373,0.346
1418,10.214,0.29
1419,10.438,0.538
1420,10.218,0.239
1421,10.142,0.36
1422,10.255,0.347
1423,10.273,0.295
1424,10.213,0.287
1425,10.158,0.251
1426,10.318,0.339
1427,10.183,0.195
1428,10.333,0.326
1429,10.482,0.37
1430,10.23,0.232
1431,10.142,0.319
1432,10.27,0.288
1433,10.11,0.224
1434,10.31,0.302
1435,10.176,0.289
1436,10.182,0.318
1437,10.366,0.291
1438,10.235,0.282
1439,10.213,0.17
1440,10.152,0.286
1441,10.159,0.247
1442,10.276,0.302
1443,10.196,0.279
1444,10.383,0.359
1445,10.295,0.318
1446,10.136,0.267
1447,10.292,0.39
1448,10.219,0.399
1449,10.438,0.292
1450,10.227,0.25
1451,10.114,0.331
1452,10.164,0.375
1453,10.054,0.333
1454,10.246,0.374
1455,10.213,0.232
1456,10.244,0.21
1457,10.241,0.382
1458,10.244,0.347
1459,10.207,0.314
1460,10.249,0.292
1461,10.431,0.396
1462,10.511,0.495
1463,10.163,0.193
1464,10.247,0.301
1465,10.242,0.323
1466,10.501,0.383
1467,10.395,0.416
1468,10.546,0.325
1469,10.361,0.433
1470,10.286,0.318
1471,10.244,0.197
1472,10.243,0.304
1473,10.216,0.321
1474,10.32,0.272
1475,10.249,0.369
1476,10.045,0.382
1477,10.225,0.24
1478,10.247,0.338
1479,10.384,0.259
1480,10.175,0.184
1481,10.181,0.266
1482,10.264,0.443
1483,10.202,0.365
1484,10.158,0.322
1485,10.19,0.272
1486,10.341,0.256
1487,10.284,0.415
1488,10.275,0.414
1489,10.156,0.323
1490,10.151,0.275
1491,10.255,0.315
1492,10.115,0.315
1493,10.169,0.281
1494,10.048,0.304
1495,10.195,0.248
1496,10.424,0.341
1497,10.2,0.315
1498,10.463,0.412
1499,10.011,0.325
1500,10.121,0.28
1501,10.226,0.289
1502,10.089,0.267
1503,10.348,0.322
1504,10.193,0.29
1505,10.051,0.235
1506,10.108,0.249
1507,10.243,0.186
1508,10.18,0.303
1509,10.362,0.313
1510,10.322,0.371
1511,10.249,0.266
1512,10.272,0.291
1513,10.182,0.155
1514,10.212,0.337
1515,10.074,0.249
1516,10.273,0.379
1517,10.111,0.31
1518,10.274,0.351
1519,10.194,0.239
1520,10.138,0.349
1521,10.354,0.258
1522,10.381,0.375
1523,10.185,0.331
1524,10.329,0.353
1525,10.175,0.309
1526,10.204,0.352
1527,10.09,0.243
1528,10.117,0.247
1529,10.225,0.335
1530,10.316,0.392
1531,10.101,0.221
1532,10.2,0.228
1533,10.085,0.33
1534,10.146,0.261
1535,10.144,0.197
1536,10.132,0.368
1537,10.402,0.352
1538,10.41,0.441
1539,10.505,0.568
1540,10.356,0.413
1541,10.318,0.385
1542,10.14,0.261
1543,10.11,0.216
1544,10.253,0.331
1545,10.217,0.236
1546,10.191,0.234
1547,10.211,0.239
1548,10.305,0.321
1549,10.151,0.277
1550,10.168,0.253
1551,10.383,0.357
1552,10.31,0.308
1553,10.27,0.357
1554,10.07,0.221
1555,10.24,0.438
1556,10.163,0.25
1557,10.258,0.384
1558,10.156,0.24
1559,10.144,0.208
1560,10.216,0.308
1561,10.311,0.309
1562,10.172,0.161
1563,10.436,0.337
1564,10.209,0.218
1565,10.3,0.298
1566,10.343,0.368
1567,10.477,0.416
1568,10.186,0.293
1569,10.235,0.456
1570,10.068,0.377
1571,10.176,0.41
1572,10.238,0.22
1573,10.123,0.239
1574,10.21,0.19
1575,10.182,0.193
1576,10.165,0.266
1577,10.124,0.295
1578,10.022,0.279
1579,10.54,0.31
1580,10.198,0.258
1581,10.229,0.252
1582,10.148,0.227
1583,10.233,0.326
1584,10.323,0.354
1585,10.126,0.228
1586,10.18,0.242
1587,10.177,0.296
1588,10.237,0.311
1589,10.121,0.236
1590,10.395,0.425
1591,10.174,0.238
1592,10.025,0.362
1593,10.468,0.379
1594,10.243,0.344
1595,10.132,0.289
1596,10.224,0.257
1597,10.134,0.261
1598,10.308,0.431
1599,10.464,0.496
1600,10.276,0.273
1601,10.287,0.262
1602,10.043,0.301
1603,10.132,0.233
1604,10.132,0.265
1605,10.204,0.402
1606,10.293,0.326
1607,10.254,0.326
1608,10.168,0.31
1609,10.2,0.28
1610,10.187,0.294
1611,10.199,0.293
1612,10.163,0.258
1613,10.294,0.291
1614,10.332,0.304
1615,10.099,0.371
1616,10.225,0.263
1617,10.291,0.476
1618,10.246,0.32
1619,10.185,0.193
1620,10.219,0.374
1621,10.326,0.303
1622,10.278,0.238
1623,10.229,0.235
1624,10.1,0.238
1625,10.289,0.357
1626,10.207,0.347
1627,10.342,0.377
1628,10.273,0.269
1629,10.268,0.294
1630,10.281,0.323
1631,10.292,0.337
1632,10.201,0.458
1633,10.158,0.411
1634,10.507,0.436
1635,10.239,0.409
1636,10.234,0.346
1637,10.185,0.182
1638,10.163,0.26
1639,10.371,0.341
1640,10.438,0.454
1641,10.221,0.2
1642,10.242,0.496
1643,10.34,0.387
1644,10.372,0.42
1645,10.519,0.499
1646,10.076,0.319
1647,10.214,0.311
1648,10.41,0.36
1649,10.191,0.272
1650,10.164,0.244
1651,10.221,0.287
1652,10.158,0.247
1653,10.248,0.301
1654,10.205,0.213
1655,10.275,0.422
1656,10.321,0.419
1657,10.113,0.28
1658,10.174,0.272
1659,10.219,0.234
1660,10.18,0.286
1661,10.229,0.399
1662,10.088,0.257
1663,10.406,0.461
1664,10.135,0.229
1665,10.221,0.187
1666,10.189,0.252
1667,10.422,0.259
1668,10.27,0.3
1669,10.279,0.317
1670,10.218,0.299
1671,10.13,0.33
1672,10.213,0.336
1673,10.242,0.234
1674,10.172,0.374
1675,10.115,0.267
1676,10.262,0.25
1677,10.329,0.438
1678,10.214,0.253
1679,10.268,0.257
1680,10.234,0.323
1681,10.266,0.266
1682,10.295,0.308
1683,10.736,0.465
1684,10.218,0.39
1685,10.223,0.235
1686,10.206,0.335
1687,10.424,0.437
1688,10.218,0.292
1689,10.313,0.262
1690,10.352,0.309
1691,10.088,0.208
1692,10.087,0.289
1693,10.337,0.328
1694,10.084,0.243
1695,10.342,0.349
1696,10.399,0.269
1697,10.192,0.328
1698,10.234,0.231
1699,10.172,0.319
1700,10.187,0.271
1701,10.166,0.256
1702,10.202,0.291
1703,10.248,0.376
1704,10.323,0.385
1705,10.305,0.237
1706,10.045,0.367
1707,10.392,0.395
1708,10.216,0.232
1709,10.246,0.343
1710,10.163,0.281
1711,10.354,0.496
1712,10.364,0.356
1713,10.423,0.251
1714,10.127,0.158
1715,10.127,0.258
1716,10.167,0.407
1717,10.089,0.311
1718,10.14,0.189
1719,10.324,0.47
1720,9.992,0.413
1721,10.179,0.266
1722,10.338,0.26
1723,10.134,0.346
1724,10.398,0.383
1725,10.311,0.321
1726,10.247,0.298
1727,10.065,0.352
1728,10.185,0.212
1729,10.105,0.277
1730,10.259,0.332
1731,10.43,0.43
1732,10.059,0.173
1733,10.358,0.381
1734,10.147,0.326
1735,10.477,0.391
1736,10.272,0.301
1737,10.25,0.32
1738,10.166,0.304
1739,10.367,0.291
1740,10.185,0.247
1741,10.382,0.395
1742,10.101,0.351
1743,10.372,0.407
1744,10.134,0.294
1745,9.973,0.35
1746,10.264,0.252
1747,10.09,0.258
1748,10.203,0.239
1749,10.457,0.342
1750,10.236,0.316
1751,10.181,0.23
1752,10.152,0.299
1753,10.137,0.226
1754,10.436,0.349
1755,10.248,0.323
1756,10.238,0.326
1757,10.301,0.443
1758,10.163,0.269
1759,10.127,0.353
1760,10.177,0.253
1761,10.213,0.275
1762,10.395,0.319
1763,10.251,0.303
1764,10.113,0.201
1765,10.287,0.32
1766,10.159,0.302
1767,10.44,0.353
1768,10.166,0.284
1769,10.242,0.225
1770,10.091,0.376
1771,10.242,0.29
1772,10.317,0.245
1773,10.348,0.396
1774,10.165,0.267
1775,10.256,0.302
1776,10.406,0.31
1777,10.448,0.41
1778,10.245,0.423
1779,10.231,0.293
1780,10.418,0.409
1781,10.193,0.298
1782,10.171,0.219
1783,10.237,0.272
1784,10.442,0.301
1785,10.237,0.339
1786,10.077,0.232
1787,10.245,0.356
1788,10.181,0.223
1789,10.282,0.372
1790,10.302,0.347
1791,10.254,0.25
1792,10.233,0.321
1793,10.498,0.433
1794,10.149,0.279
1795,10.185,0.213
1796,10.067,0.261
1797,10.439,0.403
1798,10.165,0.353
1799,10.171,0.495
1800,10.3,0.301
1801,10.288,0.308
1802,10.167,0.267
1803,10.274,0.307
1804,10.288,0.331
1805,10.183,0.212
1806,10.196,0.303
1807,10.261,0.275
1808,10.438,0.404
1809,10.408,0.43
1810,10.093,0.348
1811,10.285,0.341
1812,10.688,0.509
1813,10.218,0.257
1814,10.257,0.405
1815,10.225,0.328
1816,10.263,0.299
1817,10.195,0.243
1818,10.292,0.255
1819,10.103,0.321
1820,10.229,0.258
1821,10.197,0.393
1822,10.181,0.405
1823,10.32,0.407
1824,10.302,0.32
1825,10.125,0.294
1826,10.234,0.219
1827,10.246,0.244
1828,10.165,0.292
1829,10.24,0.269
1830,10.108,0.324
1831,10.37,0.397
1832,10.109,0.269
1833,10.276,0.258
1834,10.492,0.472
1835,10.27,0.344
1836,10.299,0.329
1837,10.187,0.251
1838,10.277,0.366
1839,10.264,0.362
1840,10.335,0.405
1841,10.347,0.258
1842,10.254,0.369
1843,10.257,0.249
1844,10.411,0.438
1845,10.273,0.28
1846,10.137,0.273
1847,10.322,0.404
1848,10.316,0.333
1849,10.389,0.261
1850,10.207,0.164
1851,10.193,0.269
1852,10.23,0.309
1853,10.333,0.328
1854,10.191,0.275
1855,10.262,0.269
1856,10.172,0.269
1857,10.226,0.324
1858,10.226,0.251
1859,10.186,0.248
1860,10.156,0.403
1861,10.211,0.349
1862,10.183,0.237
1863,10.183,0.327
1864,10.061,0.29
1865,10.124,0.311
1866,10.239,0.226
1867,10.38,0.305
1868,10.209,0.277
1869,10.297,0.333
1870,10.116,0.356
1871,10.207,0.227
1872,10.127,0.29
1873,10.199,0.263
1874,10.202,0.331
1875,10.199,0.203
1876,10.565,0.453
1877,10.401,0.342
1878,10.123,0.309
1879,10.432,0.438
1880,10.409,0.343
1881,10.172,0.26
1882,10.358,0.405
1883,10.615,0.481
1884,10.219,0.272
1885,10.151,0.298
1886,10.152,0.266
1887,10.119,0.211
1888,10.137,0.238
1889,10.231,0.262
1890,10.023,0.228
1891,10.445,0.448
1892,10.161,0.262
1893,10.12,0.215
1894,10.213,0.272
1895,10.235,0.412
1896,10.091,0.181
1897,10.178,0.282
1898,10.225,0.273
1899,10.287,0.316
1900,10.255,0.253
1901,10.092,0.227
1902,10.27,0.286
1903,10.302,0.297
1904,10.221,0.377
1905,10.187,0.286
1906,10.341,0.328
1907,10.171,0.345
1908,10.272,0.291
1909,10.299,0.41
1910,10.175,0.253
1911,10.155,0.472
1912,10.187,0.262
1913,9.999,0.375
1914,10.135,0.365
1915,10.24,0.255
1916,10.205,0.232
1917,10.194,0.34
1918,10.111,0.279
1919,10.279,0.355
1920,10.384,0.316
1921,10.423,0.393
1922,10.178,0.19
1923,10.356,0.38
1924,10.526,0.403
1925,10.499,0.403
1926,10.137,0.28
1927,10.148,0.407
1928,10.193,0.319
1929,10.238,0.417
1930,10.288,0.295
1931,10.305,0.289
1932,10.131,0.213
1933,10.297,0.397
1934,10.313,0.353
1935,10.293,0.337
1936,10.136,0.258
1937,10.21,0.299
1938,10.297,0.306
1939,10.414,0.444
1940,10.149,0.283
1941,10.23,0.357
1942,10.454,0.357
1943,10.185,0.252
1944,10.148,0.316
1945,10.217,0.299
1946,10.313,0.344
1947,10.135,0.294
1948,10.346,0.349
1949,10.086,0.294
1950,10.112,0.243
1951,10.088,0.311
1952,10.133,0.274
1953,10.153,0.333
1954,10.238,0.305
1955,10.268,0.301
1956,10.216,0.274
1957,10.261,0.338
1958,10.394,0.411
1959,10.203,0.28
1960,10.116,0.366
1961,10.353,0.32
1962,9.985,0.391
1963,10.102,0.304
1964,10.374,0.426
1965,10.146,0.234
1966,10.203,0.208
1967,10.145,0.345
1968,10.337,0.387
1969,10.449,0.457
1970,10.4,0.36
1971,10.027,0.375
1972,10.238,0.201
1973,10.12,0.323
1974,10.213,0.394
1975,10.492,0.303
1976,10.115,0.512
1977,10.194,0.261
1978,10.175,0.248
1979,10.202,0.388
1980,10.197,0.233
1981,10.143,0.362
1982,10.028,0.278
1983,10.123,0.416
1984,10.298,0.314
1985,10.242,0.455
1986,10.319,0.287
1987,10.214,0.226
1988,10.235,0.309
1989,10.2,0.372
1990,10.314,0.346
1991,10.297,0.201
1992,10.158,0.292
1993,10.053,0.298
1994,10.223,0.325
1995,10.266,0.514
1996,10.284,0.4
1997,10.215,0.274
1998,10.368,0.297
1999,10.275,0.342
2000,10.225,0.292
2001,10.188,0.347
2002,10.151,0.524
2003,10.473,0.393
2004,10.138,0.239
2005,10.059,0.264
2006,10.128,0.293
2007,10.472,0.61
2008,10.122,0.35
2009,10.089,0.207
2010,10.159,0.262
2011,10.205,0.257
2012,10.069,0.228
2013,10.179,0.313
2014,10.289,0.317
2015,10.2,0.241
2016,10.165,0.286
2017,10.35,0.378
2018,10.174,0.258
2019,10.2,0.269
2020,10.175,0.29
2021,10.134,0.206
2022,10.221,0.335
2023,10.243,0.384
2024,10.121,0.35
2025,10.413,0.268
2026,10.322,0.391
2027,10.229,0.33
2028,10.124,0.364
2029,10.237,0.352
2030,10.195,0.251
2031,10.281,0.29
2032,10.277,0.265
2033,10.14,0.255
2034,10.094,0.273
2035,10.185,0.232
2036,10.198,0.295
2037,10.297,0.287
2038,10.124,0.312
2039,10.212,0.326
2040,10.36,0.425
2041,10.125,0.243
2042,10.137,0.379
2043,10.154,0.251
2044,10.336,0.343
2045,10.275,0.278
2046,10.108,0.224
2047,10.08,0.268
2048,10.202,0.323
2049,10.2,0.282
2050,10.325,0.324
2051,10.243,0.291
2052,10.417,0.441
2053,10.206,0.258
2054,10.327,0.335
2055,10.372,0.314
2056,10.137,0.331
2057,10.317,0.327
2058,10.352,0.333
2059,10.103,0.268
2060,10.371,0.264
2061,10.202,0.304
2062,10.148,0.322
2063,10.235,0.347
2064,10.208,0.234
2065,10.121,0.376
2066,10.176,0.368
2067,10.171,0.274
2068,10.254,0.263
2069,10.165,0.263
2070,10.372,0.396
2071,10.472,0.44
2072,10.417,0.446
2073,10.363,0.29
2074,10.244,0.251
2075,10.076,0.206
2076,10.33,0.31
2077,10.22,0.325
2078,10.262,0.149
2079,10.109,0.442
2080,10.204,0.325
2081,10.147,0.239
2082,10.171,0.3
2083,10.222,0.354
2084,10.147,0.26
2085,10.139,0.34
2086,10.24,0.286
2087,10.188,0.228
2088,10.248,0.255
2089,10.112,0.329
2090,10.179,0.255
2091,10.252,0.277
2092,10.273,0.359
2093,10.165,0.224
2094,10.231,0.286
2095,10.199,0.297
2096,10.311,0.31
2097,10.337,0.371
2098,10.102,0.258
2099,10.448,0.345
2100,10.315,0.244
2101,10.288,0.291
2102,10.166,0.253
2103,10.145,0.342
2104,10.306,0.269
2105,10.089,0.275
2106,10.044,0.318
2107,10.255,0.317
2108,10.183,0.301
2109,10.235,0.199
2110,10.304,0.335
2111,10.228,0.262
2112,10.22,0.351
2113,10.28,0.415
2114,10.197,0.429
2115,10.109,0.326
2116,10.253,0.383
2117,10.357,0.395
2118,10.244,0.314
2119,10.499,0.363
2120,10.409,0.315
2121,10.193,0.295
2122,10.275,0.282
2123,10.16,0.315
2124,10.598,0.565
2125,10.256,0.386
2126,10.262,0.368
2127,10.485,0.385
2128,10.132,0.278
2129,10.367,0.269
2130,10.181,0.333
2131,10.3,0.37
2132,10.165,0.307
2133,10.282,0.364
2134,10.294,0.284
2135,10.095,0.269
2136,10.162,0.542
2137,10.198,0.284
2138,10.101,0.256
2139,10.306,0.275
2140,10.084,0.291
2141,10.438,0.406
2142,10.375,0.273
2143,10.202,0.35
2144,10.285,0.326
2145,10.166,0.38
2146,10.133,0.244
2147,10.157,0.344
2148,10.236,0.345
2149,10.294,0.281
2150,10.268,0.341
2151,10.226,0.287
2152,10.258,0.372
2153,10.253,0.272
2154,10.16,0.236
2155,10.154,0.255
2156,10.293,0.335
2157,10.154,0.327
2158,10.127,0.244
2159,10.129,0.311
2160,10.313,0.244
2161,10.326,0.274
2162,10.234,0.447
2163,10.243,0.22
2164,10.301,0.328
2165,10.28,0.259
2166,10.342,0.376
2167,10.174,0.191
2168,10.278,0.399
2169,10.37,0.415
2170,10.169,0.242
2171,10.193,0.318
2172,10.26,0.418
2173,10.178,0.294
2174,10.181,0.291
2175,10.3,0.344
2176,10.19,0.32
2177,10.23,0.221
2178,10.039,0.27
2179,10.248,0.354
2180,10.277,0.324
2181,10.363,0.441
2182,10.123,0.275
2183,10.261,0.33
2184,10.186,0.231
2185,10.215,0.323
2186,10.342,0.322
2187,10.511,0.499
2188,10.191,0.287
2189,10.286,0.394
2190,10.141,0.449
2191,10.217,0.366
2192,10.372,0.44
2193,10.202,0.254
2194,10.168,0.298
2195,10.185,0.347
2196,10.439,0.347
2197,10.201,0.267
2198,10.39,0.358
2199,10.162,0.351
2200,10.163,0.184
2201,10.245,0.352
2202,10.182,0.366
2203,10.359,0.372
2204,10.274,0.357
2205,10.181,0.314
2206,10.294,0.244
2207,10.042,0.289
2208,10.205,0.296
2209,10.179,0.38
2210,10.362,0.347
2211,10.261,0.303
2212,10.197,0.28
2213,10.036,0.305
2214,10.248,0.37
2215,10.139,0.313
2216,10.234,0.34
2217,10.447,0.422
2218,10.073,0.265
2219,10.153,0.363
2220,10.228,0.227
2221,10.399,0.361
2222,10.163,0.225
2223,10.263,0.345
2224,10.267,0.426
2225,10.192,0.416
2226,10.167,0.307
2227,10.123,0.309
2228,10.348,0.247
2229,10.598,0.378
2230,10.172,0.213
2231,10.249,0.287
2232,10.295,0.277
2233,10.27,0.331
2234,10.135,0.273
2235,10.303,0.273
2236,10.097,0.248
2237,10.134,0.276
2238,10.281,0.306
2239,10.159,0.26
2240,10.063,0.195
2241,10.171,0.279
2242,10.221,0.314
2243,10.03,0.315
2244,10.301,0.484
2245,10.197,0.321
2246,10.279,0.369
2247,10.222,0.297
2248,10.248,0.217
2249,10.234,0.245
2250,10.111,0.304
2251,10.44,0.321
2252,10.335,0.315
2253,10.096,0.396
2254,10.149,0.304
2255,10.185,0.259
2256,10.305,0.253
2257,10.174,0.355
2258,10.106,0.339
2259,10.429,0.417
2260,10.224,0.281
2261,10.223,0.251
2262,10.309,0.297
2263,10.296,0.469
2264,10.314,0.349
2265,10.247,0.353
2266,10.332,0.355
2267,10.142,0.275
2268,10.829,0.633
2269,10.11,0.287
2270,10.368,0.242
2271,10.236,0.387
2272,10.244,0.385
2273,10.327,0.313
2274,10.15,0.29
2275,10.278,0.361
2276,10.36,0.324
2277,10.301,0.295
2278,10.269,0.239
2279,10.151,0.283
2280,10.179,0.259
2281,10.336,0.435
2282,10.167,0.269
2283,10.261,0.263
2284,10.188,0.251
2285,10.305,0.418
2286,10.239,0.366
2287,10.217,0.319
2288,10.166,0.32
2289,10.114,0.21
2290,10.36,0.34
2291,10.253,0.342
2292,10.106,0.245
2293,10.21,0.45
2294,10.387,0.319
2295,10.278,0.263
2296,10.323,0.49
2297,10.149,0.262
2298,10.281,0.41
2299,10.255,0.185
2300,10.276,0.36
2301,10.316,0.277
2302,10.226,0.264
2303,10.094,0.321
2304,10.098,0.468
2305,10.136,0.34
2306,10.135,0.3
2307,10.237,0.249
2308,10.232,0.248
2309,10.576,0.389
2310,10.229,0.183
2311,10.301,0.36
2312,10.256,0.227
2313,10.315,0.306
2314,10.219,0.293
2315,10.168,0.362
2316,10.265,0.3
2317,10.058,0.235
2318,10.209,0.253
2319,10.231,0.242
2320,10.272,0.383
2321,10.168,0.294
2322,10.266,0.341
2323,10.064,0.309
2324,10.215,0.221
2325,10.201,0.3
2326,10.208,0.272
2327,10.258,0.258
2328,10.212,0.216
2329,10.145,0.323
2330,10.187,0.301
2331,10.124,0.289
2332,10.042,0.221
2333,10.333,0.366
2334,10.163,0.187
2335,10.31,0.43
2336,10.349,0.359
2337,10.203,0.267
2338,10.363,0.353
2339,10.251,0.41
2340,10.124,0.422
2341,10.19,0.315
2342,10.158,0.333
2343,10.059,0.35
2344,10.333,0.309
2345,10.183,0.254
2346,10.166,0.209
2347,10.191,0.273
2348,10.277,0.228
2349,10.313,0.416
2350,10.156,0.281
2351,10.285,0.3
2352,10.154,0.38
2353,10.378,0.386
2354,10.289,0.385
2355,10.219,0.263
2356,10.168,0.255
2357,10.277,0.353
2358,10.193,0.293
2359,10.182,0.19
2360,10.203,0.326
2361,10.231,0.278
2362,10.192,0.278
2363,10.27,0.273
2364,10.158,0.226
2365,10.101,0.205
2366,10.145,0.245
2367,10.086,0.258
2368,10.167,0.284
2369,10.295,0.269
2370,10.242,0.24
2371,10.274,0.266
2372,10.137,0.275
2373,10.44,0.364
2374,10.126,0.217
2375,10.059,0.326
2376,10.434,0.424
2377,10.13,0.312
2378,10.311,0.259
2379,10.202,0.356
2380,10.157,0.277
2381,10.238,0.295
2382,10.224,0.255
2383,10.16,0.232
2384,10.245,0.292
2385,10.131,0.216
2386,10.215,0.368
2387,10.264,0.369
2388,10.1,0.274
2389,10.403,0.343
2390,10.29,0.358
2391,10.152,0.327
2392,10.267,0.369
2393,10.155,0.228
2394,10.268,0.239
2395,10.196,0.304
2396,10.325,0.333
2397,10.179,0.332
2398,10.138,0.399
2399,10.23,0.375
2400,10.209,0.271
2401,10.218,0.315
2402,10.283,0.322
2403,10.213,0.371
2404,10.135,0.258
2405,10.235,0.228
2406,10.368,0.338
2407,10.198,0.163
2408,10.183,0.272
2409,10.061,0.234
2410,10.191,0.222
2411,10.441,0.333
2412,10.316,0.445
2413,10.166,0.497
2414,10.233,0.32
2415,10.522,0.405
2416,10.015,0.239
2417,10.461,0.398
2418,10.334,0.327
2419,10.394,0.282
2420,10.38,0.326
2421,10.271,0.3
2422,10.213,0.32
2423,10.269,0.413
2424,10.182,0.294
2425,10.187,0.21
2426,10.154,0.27
2427,10.253,0.276
2428,10.474,0.453
2429,10.258,0.351
2430,10.163,0.251
2431,10.309,0.336
2432,10.598,0.436
2433,10.228,0.39
2434,10.09,0.24
2435,10.226,0.24
2436,10.417,0.437
2437,10.256,0.352
2438,10.176,0.253
2439,10.376,0.391
2440,10.19,0.257
2441,10.183,0.274
2442,10.198,0.238
2443,10.241,0.287
2444,10.212,0.424
2445,10.208,0.313
2446,10.194,0.34
2447,10.226,0.351
2448,10.073,0.337
2449,10.115,0.193
2450,10.225,0.311
2451,10.335,0.329
2452,10.365,0.403
2453,10.216,0.36
2454,10.276,0.317
2455,10.422,0.299
2456,10.358,0.383
2457,10.341,0.27
2458,10.503,0.553
2459,10.151,0.277
2460,10.083,0.261
2461,10.24,0.342
2462,10.266,0.295
2463,10.372,0.366
2464,10.205,0.303
2465,10.152,0.259
2466,10.076,0.209
2467,10.149,0.294
2468,10.212,0.333
2469,10.207,0.341
2470,10.192,0.292
2471,10.191,0.303
2472,10.283,0.35
2473,10.423,0.328
2474,10.146,0.222
2475,10.068,0.294
2476,10.175,0.378
2477,10.312,0.287
2478,10.313,0.263
2479,10.25,0.239
2480,10.248,0.24
2481,10.178,0.283
2482,10.171,0.266
2483,10.271,0.434
2484,10.19,0.368
2485,10.209,0.266
2486,10.096,0.302
2487,10.205,0.337
2488,10.209,0.309
2489,10.186,0.313
2490,10.241,0.246
2491,10.25,0.26
2492,10.185,0.294
2493,10.015,0.281
2494,10.313,0.329
2495,10.192,0.456
2496,10.009,0.246
2497,10.116,0.3
2498,10.189,0.337
2499,10.24,0.288
2500,10.245,0.256
